Odds ratios of weekly smoking among 15 year olds in relation to smoking among friends and family,,
,Probability,
Boys (n = 319),,
    Father's Smoking,0.0399,
    Mother's Smoking,0.7493,
    Brother's Smoking,0.2301,
    Sister's Smoking,0.0324,
Girls (n = 301),,
    Father's Smoking,0.4238,
    Mother's Smoking,0.4408,
    Brother's Smoking,0.0198,
    Sister's Smoking ,0.0105,
All (n = 620),,
    Father's Smoking,0.3608,
    Mother's Smoking,0.6213,
    Brother's Smoking,0.0105,
    Sister's Smoking,0.0007,
,,
Odds ratios of weekly smoking among 28 year olds in relation to smoking at 15 year's old,,
,Probability,
Men (n = 235),,
   Smoking at 15 y/o,0.0203,
    Father's Smoking,0.7738,
    Mother's Smoking,0.445,
    Brother's Smoking,0.1362,
    Sister's Smoking ,0.8131,
Women (n = 237),,
   Smoking at 15 y/o,0.0118,-
    Father's Smoking,0.7152,
    Mother's Smoking,0.2466,
    Brother's Smoking,0.0009,
    Sister's Smoking ,0.6733,
All (n = 472),,
   Smoking at 15 y/o,0.0005,
    Father's Smoking,0.3839,
    Mother's Smoking,0.2176,
    Brother's Smoking,0.0006,
    Sister's Smoking ,0.7353,